{
  "n_values": [
    5000000,
    10000000,
    50000000,
    100000000,
    500000000
  ],
  "results": {
    "seq": {
      "times": [
        2.94425,
        6.11663,
        32.9128,
        58.8217,
        343.958
      ],
      "gflops": [
        3.39645,
        3.26978,
        3.03833,
        3.40011,
        2.90733
      ],
      "checksums": [
        1.2133e+18,
        1.2133e+18,
        1.2133e+18,
        1.2133e+18,
        1.2133e+18
      ]
    },
    "omp": {
      "times": [
        2.97382,
        6.04004,
        30.7923,
        58.1195,
        312.582
      ],
      "gflops": [
        3.36267,
        3.31124,
        3.24756,
        3.44119,
        3.19916
      ],
      "checksums": [
        1.2133e+18,
        1.2133e+18,
        1.2133e+18,
        1.2133e+18,
        1.2133e+18
      ]
    },
    "cuda": {
      "times": [
        3.18291,
        7.19693,
        28.5348,
        55.375,
        289.03
      ],
      "gflops": [
        51.6529,
        48.6988,
        93.9624,
        154.822,
        943.738
      ],
      "h2d": [
        1.96909,
        4.4144,
        18.5443,
        33.9932,
        194.136
      ],
      "kernel": [
        0.1936,
        0.410688,
        1.06426,
        1.29181,
        1.05962
      ],
      "d2h": [
        1.02022,
        2.37184,
        8.92627,
        20.09,
        93.8344
      ],
      "errors": [
        0.0,
        0.0,
        0.0,
        0.0,
        0.0
      ]
    }
  },
  "timestamp": "2025-09-14T21:09:48.838643"
}